rank,candidate,batch_size,num_workers,pin_memory,persistent_workers,prefetch_factor,epoch_wall_time_s,avg_batch_time_ms,samples_per_second,gpu_util_avg_pct,gpu_util_max_pct,gpu_mem_used_mb,cpu_util_avg_pct,oom,stable,workstation_notes
1,clahe_no_augmentation,8,4,true,true,2,2.156,5.58,371.1,45.8,52.0,1836,43.1,false,true,ok
2,clahe_no_augmentation,16,4,false,true,2,4.396,12.77,364.0,51.7,57.0,2903,50.9,false,true,ok
3,clahe_no_augmentation,8,4,false,true,2,2.213,7.28,361.5,44.0,52.0,1835,43.8,false,true,ok
4,clahe_no_augmentation,16,4,true,true,2,4.483,14.82,356.9,48.6,56.0,2918,54.1,false,true,ok
5,clahe_no_augmentation,16,4,false,false,2,4.599,15.77,347.9,41.6,57.0,2906,51.4,false,true,ok
6,clahe_no_augmentation,8,4,true,false,2,2.303,6.36,347.3,44.8,52.0,1835,45.8,false,true,ok
7,clahe_no_augmentation,16,4,true,false,2,4.627,12.17,345.8,50.6,56.0,2900,52.4,false,true,ok
8,clahe_small_rotation,16,4,true,true,2,4.687,12.66,341.4,40.9,47.0,2726,44.6,false,true,ok
9,clahe_no_augmentation,8,4,false,false,2,2.363,7.56,338.5,34.8,48.0,1836,45.7,false,true,ok
10,clahe_small_rotation,16,4,false,true,2,4.764,15.04,335.9,41.9,48.0,2727,44.9,false,true,ok
11,clahe_no_augmentation,4,4,true,true,2,1.201,4.23,333.1,39.7,40.0,1482,45.3,false,true,ok
12,clahe_small_rotation,16,4,true,false,2,4.857,11.52,329.5,41.9,46.0,2727,43.8,false,true,ok
13,clahe_small_rotation,8,4,true,true,2,2.431,7.27,329.1,39.6,45.0,2894,45.0,false,true,ok
14,clahe_small_rotation,16,4,false,false,2,4.890,12.18,327.2,38.2,47.0,2726,44.6,false,true,ok
15,clahe_no_augmentation,4,4,false,true,2,1.257,4.29,318.3,37.0,40.0,1481,50.0,false,true,ok
16,clahe_small_rotation,8,4,true,false,2,2.545,7.16,314.4,39.0,44.0,2893,44.6,false,true,ok
17,clahe_no_augmentation,4,4,true,false,2,1.273,3.97,314.2,46.0,49.0,1481,48.7,false,true,ok
18,clahe_small_rotation,8,4,false,true,2,2.559,6.98,312.6,39.8,45.0,2895,48.7,false,true,ok
19,clahe_small_rotation,8,4,false,false,2,2.592,7.01,308.6,33.6,45.0,2895,44.3,false,true,ok
20,clahe_no_augmentation,4,4,false,false,2,1.306,4.33,306.3,31.0,31.0,1481,41.7,false,true,ok
21,clahe_small_rotation,4,4,true,true,2,1.370,4.63,291.9,38.7,40.0,2997,47.5,false,true,ok
22,clahe_small_rotation,4,4,false,true,2,1.380,4.65,289.9,37.3,39.0,2973,52.5,false,true,ok
23,clahe_small_rotation,4,4,true,false,2,1.455,4.30,274.9,46.7,50.0,2994,49.1,false,true,ok
24,clahe_small_rotation,4,4,false,false,2,1.563,4.96,256.0,33.3,34.0,2881,45.0,false,true,ok
25,clahe_no_augmentation,16,2,false,true,2,7.817,10.02,204.7,28.5,32.0,2793,26.4,false,true,ok
26,clahe_no_augmentation,16,2,true,true,2,7.883,11.20,203.0,27.3,32.0,2780,25.9,false,true,ok
27,clahe_no_augmentation,8,2,true,true,2,3.997,6.27,200.2,28.5,30.0,1836,27.4,false,true,ok
28,clahe_no_augmentation,8,2,false,true,2,4.054,5.16,197.4,28.8,30.0,1838,25.8,false,true,ok
29,clahe_no_augmentation,16,2,false,false,2,8.152,11.34,196.3,26.8,31.0,2793,27.4,false,true,ok
30,clahe_no_augmentation,4,2,true,true,2,2.048,2.34,195.3,29.8,31.0,1480,28.2,false,true,ok
31,clahe_no_augmentation,4,2,false,true,2,2.050,2.41,195.2,30.0,31.0,1484,26.4,false,true,ok
32,clahe_no_augmentation,8,2,true,false,2,4.112,6.18,194.5,28.2,30.0,1838,27.4,false,true,ok
33,clahe_no_augmentation,16,2,true,false,2,8.258,11.25,193.7,26.4,30.0,2778,29.8,false,true,ok
34,clahe_no_augmentation,8,2,false,false,2,4.255,6.15,188.0,24.9,30.0,1853,34.8,false,true,ok
35,clahe_no_augmentation,4,2,false,false,2,2.135,3.76,187.4,22.2,31.0,1483,27.4,false,true,ok
36,clahe_no_augmentation,4,2,true,false,2,2.160,3.79,185.2,31.0,32.0,1480,27.7,false,true,ok
37,clahe_small_rotation,16,2,true,true,2,8.744,2.73,183.0,26.0,28.0,2773,25.7,false,true,ok
38,clahe_small_rotation,16,2,false,true,2,8.833,11.84,181.1,26.8,29.0,2790,26.6,false,true,ok
39,clahe_small_rotation,8,2,false,true,2,4.464,5.99,179.2,26.1,29.0,2894,25.8,false,true,ok
40,clahe_small_rotation,8,2,true,true,2,4.533,6.57,176.5,25.8,29.0,2893,28.0,false,true,ok
41,clahe_small_rotation,16,2,true,false,2,9.149,11.77,174.9,25.9,28.0,2779,27.1,false,true,ok
42,clahe_small_rotation,8,2,false,false,2,4.597,6.53,174.0,23.9,29.0,2894,26.5,false,true,ok
43,clahe_small_rotation,8,2,true,false,2,4.631,6.57,172.8,26.1,28.0,2896,28.0,false,true,ok
44,clahe_small_rotation,16,2,false,false,2,9.313,11.76,171.8,26.6,32.0,2915,31.7,false,true,ok
45,clahe_small_rotation,4,2,true,true,2,2.347,3.23,170.4,31.2,34.0,2932,32.4,false,true,ok
46,clahe_small_rotation,4,2,false,true,2,2.425,2.83,165.0,32.0,37.0,2955,37.8,false,true,ok
47,clahe_small_rotation,4,2,false,false,2,2.445,4.03,163.6,22.6,29.0,2896,30.5,false,true,ok
48,clahe_small_rotation,4,2,true,false,2,2.498,4.25,160.1,32.0,34.0,2984,35.3,false,true,ok
49,clahe_no_augmentation,16,0,false,false,—,15.056,2.50,106.3,19.0,51.0,2816,50.6,false,true,ok
50,clahe_no_augmentation,4,0,true,false,—,3.781,1.97,105.8,15.9,17.0,1477,47.2,false,true,ok
51,clahe_no_augmentation,16,0,true,false,—,15.185,2.19,105.4,17.0,18.0,2794,51.8,false,true,ok
52,clahe_no_augmentation,8,0,false,false,—,7.615,2.62,105.1,20.7,39.0,1875,49.4,false,true,ok
53,clahe_no_augmentation,8,0,true,false,—,7.621,2.05,105.0,17.1,18.0,1868,50.0,false,true,ok
54,clahe_no_augmentation,4,0,false,false,—,4.080,4.28,98.0,15.0,19.0,1484,48.8,false,true,ok
55,clahe_small_rotation,8,0,true,false,—,8.408,2.09,95.1,15.9,17.0,2898,50.4,false,true,ok
56,clahe_small_rotation,16,0,false,false,—,16.876,2.55,94.8,17.3,44.0,2894,51.2,false,true,ok
57,clahe_small_rotation,16,0,true,false,—,17.431,2.29,91.8,17.1,23.0,2955,54.4,false,true,ok
58,clahe_small_rotation,8,0,false,false,—,8.729,2.36,91.6,20.1,46.0,3006,52.6,false,true,ok
59,clahe_small_rotation,4,0,true,false,—,4.458,2.06,89.7,18.1,21.0,2908,52.5,false,true,ok
60,clahe_small_rotation,4,0,false,false,—,4.507,2.30,88.8,21.2,55.0,2936,54.8,false,true,ok
